,Monster,Spell,Trap
card,0.12489102534534569,0.0915185491911819,0.11285127064360559
control,,,0.062019816547549046
deck,,0.0606560356604339,
effect,0.05905139149687043,,0.06147631052920072
field,,,0.05794168191120921
gy,,0.0542000233563847,0.055499638300273935
hand,0.0535763419121289,0.059250122274879184,
monster,0.09233385520683118,0.11247537816231679,0.12606154582135634
monsters,0.053404848909200664,0.06174420368857332,0.061612160167817426
opponent,0.05735765506997817,0.05347521644051334,0.07795769384836508
special,0.06159852626528282,,
summon,0.054651000638992295,0.05545337646554484,
target,0.047760129694723215,0.05246395742912635,0.0658748368362544
turn,0.061637413713410825,0.0689940018957331,0.06730634521491358
