,n,Q1,Q3,IQR,lo,hi,n_out,pct_out,max,min
level,8978.0,3.0,6.0,3.0,-1.5,10.5,138.0,1.54,13.0,0.0
link_value,473.0,2.0,3.0,1.0,0.5,4.5,17.0,3.59,6.0,1.0
atk,9343.0,800.0,2200.0,1400.0,-1300.0,4300.0,39.0,0.42,5000.0,-1.0
def,8870.0,600.0,2000.0,1400.0,-1500.0,4100.0,13.0,0.15,5000.0,-1.0
tcgplayer_price,14533.0,0.12,0.33,0.21000000000000002,-0.19500000000000006,0.645,1922.0,13.23,1800.0,0.0
cardmarket_price,14533.0,0.06,0.25,0.19,-0.22500000000000003,0.535,1959.0,13.48,720.91,0.0
ebay_price,14533.0,0.99,2.49,1.5000000000000002,-1.2600000000000005,4.74,1757.0,12.09,999.99,0.0
amazon_price,14533.0,0.25,1.73,1.48,-1.9699999999999998,3.9499999999999997,1925.0,13.25,999.99,0.0
set_count,14533.0,1.0,4.0,3.0,-3.5,8.5,872.0,6.0,78.0,0.0
